STATE,ACTION,,,,,,,,,,,,,,,,,,,,,,,,,,,,,,GOTO
,return,if,else,while,void,int,<ID>,<INT>,<FLOAT>,;,",",(,),{,},+,-,*,/,=,>,<,>=,<=,!=,==,:,?,#,S,Program,ExtDefList,ExtDef,VarSpecifier,FunSpecifier,FunDec,Block,AssignStmt,float,CreateFunTable_m,VarList,ParamDec,List,Def,Stmt,ReturnStmt,IfStmt,WhileStmt,CallStmt,Exp,AddSubExp,Relop,Item,Factor,CallFunCheck,Args,IfStmt_m1,IfStmt_m2,IfNext,IfStmt_next,WhileStmt_m1,WhileStmt_m2,
0,,,,,s8,s2,,,,,,,,,,,,,,,,,,,,,,,r3,,3,4,5,6,7,,,,1,,,,,,,,,,,,,,,,,,,,,,,,
1,,,,,,,r11,,,,,,,,,,,,,,,,,,,,,,,,,,,,,,,,,,,,,,,,,,,,,,,,,,,,,,,,
2,,,,,,,r10,,,,,,,,,,,,,,,,,,,,,,,,,,,,,,,,,,,,,,,,,,,,,,,,,,,,,,,,
3,,,,,,,,,,,,,,,,,,,,,,,,,,,,,acc,,,,,,,,,,,,,,,,,,,,,,,,,,,,,,,,,,
4,,,,,,,,,,,,,,,,,,,,,,,,,,,,,r1,,,,,,,,,,,,,,,,,,,,,,,,,,,,,,,,,,
5,,,,,s8,s2,,,,,,,,,,,,,,,,,,,,,,,r3,,,9,5,6,7,,,,1,,,,,,,,,,,,,,,,,,,,,,,,
6,,,,,,,s10,,,,,,,,,,,,,,,,,,,,,,,,,,,,,,,11,,,,,,,,,,,,,,,,,,,,,,,,,
7,,,,,,,s13,,,,,,,,,,,,,,,,,,,,,,,,,,,,,12,,,,,,,,,,,,,,,,,,,,,,,,,,,
8,,,,,,,r9,,,,,,,,,,,,,,,,,,,,,,,,,,,,,,,,,,,,,,,,,,,,,,,,,,,,,,,,
9,,,,,,,,,,,,,,,,,,,,,,,,,,,,,r2,,,,,,,,,,,,,,,,,,,,,,,,,,,,,,,,,,
10,,,,,,,,,,s14,,,,,,,,,,s15,,,,,,,,,,,,,,,,,,,,,,,,,,,,,,,,,,,,,,,,,,,
11,,,,,r6,r6,,,,,,,,,,,,,,,,,,,,,,,r6,,,,,,,,,,,,,,,,,,,,,,,,,,,,,,,,,,
12,,,,,,,,,,,,,,s17,,,,,,,,,,,,,,,,,,,,,,,16,,,,,,,,,,,,,,,,,,,,,,,,,,
13,,,,,,,,,,,,r13,,,,,,,,,,,,,,,,,,,,,,,,,,,,18,,,,,,,,,,,,,,,,,,,,,,,
14,,,,,r4,r4,,,,,,,,,,,,,,,,,,,,,,,r4,,,,,,,,,,,,,,,,,,,,,,,,,,,,,,,,,,
15,,,,,,,s26,s25,s19,,,s22,,,,,,,,,,,,,,,,,,,,,,,,,,,,,,,,,,,,,27,20,21,,23,24,,,,,,,,,
16,,,,,r5,r5,,,,,,,,,,,,,,,,,,,,,,,r5,,,,,,,,,,,,,,,,,,,,,,,,,,,,,,,,,,
17,s40,s41,,s42,,s37,s39,,,,,,,,r20,,,,,,,,,,,,,,,,,,,31,,,,33,38,,,,28,29,30,32,34,35,36,,,,,,,,,,,,,,
18,,,,,,,,,,,,s43,,,,,,,,,,,,,,,,,,,,,,,,,,,,,,,,,,,,,,,,,,,,,,,,,,,
19,,,,,r39,r39,,,,,,,,,,r39,r39,r39,r39,,r39,r39,r39,r39,r39,r39,,r39,r39,,,,,,,,,,,,,,,,,,,,,,,,,,,,,,,,,,
20,,,,,r28,r28,,,,,,,,,,,,,,,s46,s47,s48,s49,s51,s50,,s45,r28,,,,,,,,,,,,,,,,,,,,,,,44,,,,,,,,,,,
21,,,,,r29,r29,,,,,,,,,,,,,,,r29,r29,r29,r29,r29,r29,,r29,r29,,,,,,,,,,,,,,,,,,,,,,,,,,,,,,,,,,
22,,,,,,,s59,s58,s52,,,s55,,,,,,,,,,,,,,,,,,,,,,,,,,,,,,,,,,,,,60,53,54,,56,57,,,,,,,,,
23,,,,,r32,r32,,,,,,,,,,s61,s62,,,,r32,r32,r32,r32,r32,r32,,r32,r32,,,,,,,,,,,,,,,,,,,,,,,,,,,,,,,,,,
24,,,,,r35,r35,,,,,,,,,,r35,r35,s63,s64,,r35,r35,r35,r35,r35,r35,,r35,r35,,,,,,,,,,,,,,,,,,,,,,,,,,,,,,,,,,
25,,,,,r38,r38,,,,,,,,,,r38,r38,r38,r38,,r38,r38,r38,r38,r38,r38,,r38,r38,,,,,,,,,,,,,,,,,,,,,,,,,,,,,,,,,,
26,,,,,r41,r41,,,,,,s65,,,,r41,r41,r41,r41,,r41,r41,r41,r41,r41,r41,,r41,r41,,,,,,,,,,,,,,,,,,,,,,,,,,,,,,,,,,
27,,,,,r42,r42,,,,,,,,,,r42,r42,r42,r42,,r42,r42,r42,r42,r42,r42,,r42,r42,,,,,,,,,,,,,,,,,,,,,,,,,,,,,,,,,,
28,,,,,,,,,,,,,,,s66,,,,,,,,,,,,,,,,,,,,,,,,,,,,,,,,,,,,,,,,,,,,,,,,
29,s40,s41,,s42,,s37,s39,,,,,,,,r20,,,,,,,,,,,,,,,,,,,31,,,,33,38,,,,67,29,30,32,34,35,36,,,,,,,,,,,,,,
30,s40,s41,,s42,,s37,s39,,,,,,,,r20,,,,,,,,,,,,,,,,,,,31,,,,33,38,,,,68,29,30,32,34,35,36,,,,,,,,,,,,,,
31,,,,,,,s69,,,,,,,,,,,,,,,,,,,,,,,,,,,,,,,,,,,,,,,,,,,,,,,,,,,,,,,,
32,,,,,,,,,,s70,,,,,,,,,,,,,,,,,,,,,,,,,,,,,,,,,,,,,,,,,,,,,,,,,,,,,
33,,,,,,,,,,s71,,,,,,,,,,,,,,,,,,,,,,,,,,,,,,,,,,,,,,,,,,,,,,,,,,,,,
34,r25,r25,,r25,,r25,r25,,,,,,,,r25,,,,,,,,,,,,,,,,,,,,,,,,,,,,,,,,,,,,,,,,,,,,,,,,
35,r26,r26,,r26,,r26,r26,,,,,,,,r26,,,,,,,,,,,,,,,,,,,,,,,,,,,,,,,,,,,,,,,,,,,,,,,,
36,,,,,,,,,,s72,,,,,,,,,,,,,,,,,,,,,,,,,,,,,,,,,,,,,,,,,,,,,,,,,,,,,
37,,,,,,,r7,,,,,,,,,,,,,,,,,,,,,,,,,,,,,,,,,,,,,,,,,,,,,,,,,,,,,,,,
38,,,,,,,r8,,,,,,,,,,,,,,,,,,,,,,,,,,,,,,,,,,,,,,,,,,,,,,,,,,,,,,,,
39,,,,,,,,,,,,s73,,,,,,,,s74,,,,,,,,,,,,,,,,,,,,,,,,,,,,,,,,,,,,,,,,,,,
40,,,,,,,s82,s81,s75,r49,,s78,,,,,,,,,,,,,,,,,,,,,,,,,,,,,,,,,,,,,83,76,77,,79,80,,,,,,,,,
41,,,,,,,,,,,,r57,,,,,,,,,,,,,,,,,,,,,,,,,,,,,,,,,,,,,,,,,,,,,84,,,,,,
42,,,,,,,,,,,,r63,,,,,,,,,,,,,,,,,,,,,,,,,,,,,,,,,,,,,,,,,,,,,,,,,85,,
43,,,,,,s37,,,,,,,r16,,,,,,,,,,,,,,,,,,,,,87,,,,,38,,86,88,,,,,,,,,,,,,,,,,,,,,
44,,,,,,,s26,s25,s19,,,s22,,,,,,,,,,,,,,,,,,,,,,,,,,,,,,,,,,,,,27,,89,,23,24,,,,,,,,,
45,,,,,,,s97,s96,s90,,,s93,,,,,,,,,,,,,,,,,,,,,,,,,,,,,,,,,,,,,98,91,92,,94,95,,,,,,,,,
46,,,,,,,r50,r50,r50,,,r50,,,,,,,,,,,,,,,,,,,,,,,,,,,,,,,,,,,,,,,,,,,,,,,,,,,
47,,,,,,,r51,r51,r51,,,r51,,,,,,,,,,,,,,,,,,,,,,,,,,,,,,,,,,,,,,,,,,,,,,,,,,,
48,,,,,,,r52,r52,r52,,,r52,,,,,,,,,,,,,,,,,,,,,,,,,,,,,,,,,,,,,,,,,,,,,,,,,,,
49,,,,,,,r53,r53,r53,,,r53,,,,,,,,,,,,,,,,,,,,,,,,,,,,,,,,,,,,,,,,,,,,,,,,,,,
50,,,,,,,r54,r54,r54,,,r54,,,,,,,,,,,,,,,,,,,,,,,,,,,,,,,,,,,,,,,,,,,,,,,,,,,
51,,,,,,,r55,r55,r55,,,r55,,,,,,,,,,,,,,,,,,,,,,,,,,,,,,,,,,,,,,,,,,,,,,,,,,,
52,,,,,,,,,,,,,r39,,,r39,r39,r39,r39,,r39,r39,r39,r39,r39,r39,,r39,,,,,,,,,,,,,,,,,,,,,,,,,,,,,,,,,,,
53,,,,,,,,,,,,,s99,,,,,,,,s46,s47,s48,s49,s51,s50,,s101,,,,,,,,,,,,,,,,,,,,,,,,100,,,,,,,,,,,
54,,,,,,,,,,,,,r29,,,,,,,,r29,r29,r29,r29,r29,r29,,r29,,,,,,,,,,,,,,,,,,,,,,,,,,,,,,,,,,,
55,,,,,,,s59,s58,s52,,,s55,,,,,,,,,,,,,,,,,,,,,,,,,,,,,,,,,,,,,60,102,54,,56,57,,,,,,,,,
56,,,,,,,,,,,,,r32,,,s103,s104,,,,r32,r32,r32,r32,r32,r32,,r32,,,,,,,,,,,,,,,,,,,,,,,,,,,,,,,,,,,
57,,,,,,,,,,,,,r35,,,r35,r35,s105,s106,,r35,r35,r35,r35,r35,r35,,r35,,,,,,,,,,,,,,,,,,,,,,,,,,,,,,,,,,,
58,,,,,,,,,,,,,r38,,,r38,r38,r38,r38,,r38,r38,r38,r38,r38,r38,,r38,,,,,,,,,,,,,,,,,,,,,,,,,,,,,,,,,,,
59,,,,,,,,,,,,s107,r41,,,r41,r41,r41,r41,,r41,r41,r41,r41,r41,r41,,r41,,,,,,,,,,,,,,,,,,,,,,,,,,,,,,,,,,,
60,,,,,,,,,,,,,r42,,,r42,r42,r42,r42,,r42,r42,r42,r42,r42,r42,,r42,,,,,,,,,,,,,,,,,,,,,,,,,,,,,,,,,,,
61,,,,,,,s114,s112,s113,,,s108,,,,,,,,,,,,,,,,,,,,,,,,,,,,,,,,,,,,,111,,,,109,110,,,,,,,,,
62,,,,,,,s114,s112,s113,,,s108,,,,,,,,,,,,,,,,,,,,,,,,,,,,,,,,,,,,,111,,,,115,110,,,,,,,,,
63,,,,,,,s121,s118,s119,,,s120,,,,,,,,,,,,,,,,,,,,,,,,,,,,,,,,,,,,,117,,,,,116,,,,,,,,,
64,,,,,,,s121,s118,s119,,,s120,,,,,,,,,,,,,,,,,,,,,,,,,,,,,,,,,,,,,117,,,,,122,,,,,,,,,
65,,,,,,,r44,r44,r44,,,r44,r44,,,,,,,,,,,,,,,,,,,,,,,,,,,,,,,,,,,,,,,,,,123,,,,,,,,
66,,,,,r21,r21,,,,,,,,,,,,,,,,,,,,,,,r21,,,,,,,,,,,,,,,,,,,,,,,,,,,,,,,,,,
67,,,,,,,,,,,,,,,r18,,,,,,,,,,,,,,,,,,,,,,,,,,,,,,,,,,,,,,,,,,,,,,,,
68,,,,,,,,,,,,,,,r19,,,,,,,,,,,,,,,,,,,,,,,,,,,,,,,,,,,,,,,,,,,,,,,,
69,,,,,,,,,,s124,,,,,,,,,,,,,,,,,,,,,,,,,,,,,,,,,,,,,,,,,,,,,,,,,,,,,
70,r24,r24,,r24,,r24,r24,,,,,,,,r24,,,,,,,,,,,,,,,,,,,,,,,,,,,,,,,,,,,,,,,,,,,,,,,,
71,r23,r23,,r23,,r23,r23,,,,,,,,r23,,,,,,,,,,,,,,,,,,,,,,,,,,,,,,,,,,,,,,,,,,,,,,,,
72,r27,r27,,r27,,r27,r27,,,,,,,,r27,,,,,,,,,,,,,,,,,,,,,,,,,,,,,,,,,,,,,,,,,,,,,,,,
73,,,,,,,r44,r44,r44,,,r44,r44,,,,,,,,,,,,,,,,,,,,,,,,,,,,,,,,,,,,,,,,,,125,,,,,,,,
74,,,,,,,s82,s81,s75,,,s78,,,,,,,,,,,,,,,,,,,,,,,,,,,,,,,,,,,,,83,126,77,,79,80,,,,,,,,,
75,,,,,,,,,,r39,,,,,,r39,r39,r39,r39,,r39,r39,r39,r39,r39,r39,,r39,,,,,,,,,,,,,,,,,,,,,,,,,,,,,,,,,,,
76,,,,,,,,,,r48,,,,,,,,,,,s46,s47,s48,s49,s51,s50,,s128,,,,,,,,,,,,,,,,,,,,,,,,127,,,,,,,,,,,
77,,,,,,,,,,r29,,,,,,,,,,,r29,r29,r29,r29,r29,r29,,r29,,,,,,,,,,,,,,,,,,,,,,,,,,,,,,,,,,,
78,,,,,,,s59,s58,s52,,,s55,,,,,,,,,,,,,,,,,,,,,,,,,,,,,,,,,,,,,60,129,54,,56,57,,,,,,,,,
79,,,,,,,,,,r32,,,,,,s130,s131,,,,r32,r32,r32,r32,r32,r32,,r32,,,,,,,,,,,,,,,,,,,,,,,,,,,,,,,,,,,
80,,,,,,,,,,r35,,,,,,r35,r35,s132,s133,,r35,r35,r35,r35,r35,r35,,r35,,,,,,,,,,,,,,,,,,,,,,,,,,,,,,,,,,,
81,,,,,,,,,,r38,,,,,,r38,r38,r38,r38,,r38,r38,r38,r38,r38,r38,,r38,,,,,,,,,,,,,,,,,,,,,,,,,,,,,,,,,,,
82,,,,,,,,,,r41,,s134,,,,r41,r41,r41,r41,,r41,r41,r41,r41,r41,r41,,r41,,,,,,,,,,,,,,,,,,,,,,,,,,,,,,,,,,,
83,,,,,,,,,,r42,,,,,,r42,r42,r42,r42,,r42,r42,r42,r42,r42,r42,,r42,,,,,,,,,,,,,,,,,,,,,,,,,,,,,,,,,,,
84,,,,,,,,,,,,s135,,,,,,,,,,,,,,,,,,,,,,,,,,,,,,,,,,,,,,,,,,,,,,,,,,,
85,,,,,,,,,,,,s136,,,,,,,,,,,,,,,,,,,,,,,,,,,,,,,,,,,,,,,,,,,,,,,,,,,
86,,,,,,,,,,,,,s137,,,,,,,,,,,,,,,,,,,,,,,,,,,,,,,,,,,,,,,,,,,,,,,,,,
87,,,,,,,s138,,,,,,,,,,,,,,,,,,,,,,,,,,,,,,,,,,,,,,,,,,,,,,,,,,,,,,,,
88,,,,,,,,,,,s139,,r15,,,,,,,,,,,,,,,,,,,,,,,,,,,,,,,,,,,,,,,,,,,,,,,,,,
89,,,,,r30,r30,,,,,,,,,,,,,,,r30,r30,r30,r30,r30,r30,,r30,r30,,,,,,,,,,,,,,,,,,,,,,,,,,,,,,,,,,
90,,,,,,,,,,,,,,,,r39,r39,r39,r39,,r39,r39,r39,r39,r39,r39,r39,r39,,,,,,,,,,,,,,,,,,,,,,,,,,,,,,,,,,,
91,,,,,,,,,,,,,,,,,,,,,s46,s47,s48,s49,s51,s50,s141,s142,,,,,,,,,,,,,,,,,,,,,,,,140,,,,,,,,,,,
92,,,,,,,,,,,,,,,,,,,,,r29,r29,r29,r29,r29,r29,r29,r29,,,,,,,,,,,,,,,,,,,,,,,,,,,,,,,,,,,
93,,,,,,,s59,s58,s52,,,s55,,,,,,,,,,,,,,,,,,,,,,,,,,,,,,,,,,,,,60,143,54,,56,57,,,,,,,,,
94,,,,,,,,,,,,,,,,s144,s145,,,,r32,r32,r32,r32,r32,r32,r32,r32,,,,,,,,,,,,,,,,,,,,,,,,,,,,,,,,,,,
95,,,,,,,,,,,,,,,,r35,r35,s146,s147,,r35,r35,r35,r35,r35,r35,r35,r35,,,,,,,,,,,,,,,,,,,,,,,,,,,,,,,,,,,
96,,,,,,,,,,,,,,,,r38,r38,r38,r38,,r38,r38,r38,r38,r38,r38,r38,r38,,,,,,,,,,,,,,,,,,,,,,,,,,,,,,,,,,,
97,,,,,,,,,,,,s148,,,,r41,r41,r41,r41,,r41,r41,r41,r41,r41,r41,r41,r41,,,,,,,,,,,,,,,,,,,,,,,,,,,,,,,,,,,
98,,,,,,,,,,,,,,,,r42,r42,r42,r42,,r42,r42,r42,r42,r42,r42,r42,r42,,,,,,,,,,,,,,,,,,,,,,,,,,,,,,,,,,,
99,,,,,r40,r40,,,,,,,,,,r40,r40,r40,r40,,r40,r40,r40,r40,r40,r40,,r40,r40,,,,,,,,,,,,,,,,,,,,,,,,,,,,,,,,,,
100,,,,,,,s59,s58,s52,,,s55,,,,,,,,,,,,,,,,,,,,,,,,,,,,,,,,,,,,,60,,149,,56,57,,,,,,,,,
101,,,,,,,s97,s96,s90,,,s93,,,,,,,,,,,,,,,,,,,,,,,,,,,,,,,,,,,,,98,150,92,,94,95,,,,,,,,,
102,,,,,,,,,,,,,s151,,,,,,,,s46,s47,s48,s49,s51,s50,,s101,,,,,,,,,,,,,,,,,,,,,,,,100,,,,,,,,,,,
103,,,,,,,s158,s156,s157,,,s152,,,,,,,,,,,,,,,,,,,,,,,,,,,,,,,,,,,,,155,,,,153,154,,,,,,,,,
104,,,,,,,s158,s156,s157,,,s152,,,,,,,,,,,,,,,,,,,,,,,,,,,,,,,,,,,,,155,,,,159,154,,,,,,,,,
105,,,,,,,s165,s162,s163,,,s164,,,,,,,,,,,,,,,,,,,,,,,,,,,,,,,,,,,,,161,,,,,160,,,,,,,,,
106,,,,,,,s165,s162,s163,,,s164,,,,,,,,,,,,,,,,,,,,,,,,,,,,,,,,,,,,,161,,,,,166,,,,,,,,,
107,,,,,,,r44,r44,r44,,,r44,r44,,,,,,,,,,,,,,,,,,,,,,,,,,,,,,,,,,,,,,,,,,167,,,,,,,,
108,,,,,,,s59,s58,s52,,,s55,,,,,,,,,,,,,,,,,,,,,,,,,,,,,,,,,,,,,60,168,54,,56,57,,,,,,,,,
109,,,,,r33,r33,,,,,,,,,,,,,,,r33,r33,r33,r33,r33,r33,,r33,r33,,,,,,,,,,,,,,,,,,,,,,,,,,,,,,,,,,
110,,,,,r35,r35,,,,,,,,,,,,s169,s170,,r35,r35,r35,r35,r35,r35,,r35,r35,,,,,,,,,,,,,,,,,,,,,,,,,,,,,,,,,,
111,,,,,r42,r42,,,,,,,,,,,,r42,r42,,r42,r42,r42,r42,r42,r42,,r42,r42,,,,,,,,,,,,,,,,,,,,,,,,,,,,,,,,,,
112,,,,,r38,r38,,,,,,,,,,,,r38,r38,,r38,r38,r38,r38,r38,r38,,r38,r38,,,,,,,,,,,,,,,,,,,,,,,,,,,,,,,,,,
113,,,,,r39,r39,,,,,,,,,,,,r39,r39,,r39,r39,r39,r39,r39,r39,,r39,r39,,,,,,,,,,,,,,,,,,,,,,,,,,,,,,,,,,
114,,,,,r41,r41,,,,,,s171,,,,,,r41,r41,,r41,r41,r41,r41,r41,r41,,r41,r41,,,,,,,,,,,,,,,,,,,,,,,,,,,,,,,,,,
115,,,,,r34,r34,,,,,,,,,,,,,,,r34,r34,r34,r34,r34,r34,,r34,r34,,,,,,,,,,,,,,,,,,,,,,,,,,,,,,,,,,
116,,,,,r36,r36,,,,,,,,,,r36,r36,,,,r36,r36,r36,r36,r36,r36,,r36,r36,,,,,,,,,,,,,,,,,,,,,,,,,,,,,,,,,,
117,,,,,r42,r42,,,,,,,,,,r42,r42,,,,r42,r42,r42,r42,r42,r42,,r42,r42,,,,,,,,,,,,,,,,,,,,,,,,,,,,,,,,,,
118,,,,,r38,r38,,,,,,,,,,r38,r38,,,,r38,r38,r38,r38,r38,r38,,r38,r38,,,,,,,,,,,,,,,,,,,,,,,,,,,,,,,,,,
119,,,,,r39,r39,,,,,,,,,,r39,r39,,,,r39,r39,r39,r39,r39,r39,,r39,r39,,,,,,,,,,,,,,,,,,,,,,,,,,,,,,,,,,
120,,,,,,,s59,s58,s52,,,s55,,,,,,,,,,,,,,,,,,,,,,,,,,,,,,,,,,,,,60,172,54,,56,57,,,,,,,,,
121,,,,,r41,r41,,,,,,s173,,,,r41,r41,,,,r41,r41,r41,r41,r41,r41,,r41,r41,,,,,,,,,,,,,,,,,,,,,,,,,,,,,,,,,,
122,,,,,r37,r37,,,,,,,,,,r37,r37,,,,r37,r37,r37,r37,r37,r37,,r37,r37,,,,,,,,,,,,,,,,,,,,,,,,,,,,,,,,,,
123,,,,,,,s182,s181,s175,,,s178,r47,,,,,,,,,,,,,,,,,,,,,,,,,,,,,,,,,,,,183,176,177,,179,180,,174,,,,,,,
124,r22,r22,,r22,,r22,r22,,,,,,,,r22,,,,,,,,,,,,,,,,,,,,,,,,,,,,,,,,,,,,,,,,,,,,,,,,
125,,,,,,,s182,s181,s175,,,s178,r47,,,,,,,,,,,,,,,,,,,,,,,,,,,,,,,,,,,,183,176,177,,179,180,,184,,,,,,,
126,,,,,,,,,,r28,,,,,,,,,,,s46,s47,s48,s49,s51,s50,,s128,,,,,,,,,,,,,,,,,,,,,,,,127,,,,,,,,,,,
127,,,,,,,s82,s81,s75,,,s78,,,,,,,,,,,,,,,,,,,,,,,,,,,,,,,,,,,,,83,,185,,79,80,,,,,,,,,
128,,,,,,,s97,s96,s90,,,s93,,,,,,,,,,,,,,,,,,,,,,,,,,,,,,,,,,,,,98,186,92,,94,95,,,,,,,,,
129,,,,,,,,,,,,,s187,,,,,,,,s46,s47,s48,s49,s51,s50,,s101,,,,,,,,,,,,,,,,,,,,,,,,100,,,,,,,,,,,
130,,,,,,,s194,s192,s193,,,s188,,,,,,,,,,,,,,,,,,,,,,,,,,,,,,,,,,,,,191,,,,189,190,,,,,,,,,
131,,,,,,,s194,s192,s193,,,s188,,,,,,,,,,,,,,,,,,,,,,,,,,,,,,,,,,,,,191,,,,195,190,,,,,,,,,
132,,,,,,,s201,s198,s199,,,s200,,,,,,,,,,,,,,,,,,,,,,,,,,,,,,,,,,,,,197,,,,,196,,,,,,,,,
133,,,,,,,s201,s198,s199,,,s200,,,,,,,,,,,,,,,,,,,,,,,,,,,,,,,,,,,,,197,,,,,202,,,,,,,,,
134,,,,,,,r44,r44,r44,,,r44,r44,,,,,,,,,,,,,,,,,,,,,,,,,,,,,,,,,,,,,,,,,,203,,,,,,,,
135,,,,,,,s59,s58,s52,,,s55,,,,,,,,,,,,,,,,,,,,,,,,,,,,,,,,,,,,,60,204,54,,56,57,,,,,,,,,
136,,,,,,,s59,s58,s52,,,s55,,,,,,,,,,,,,,,,,,,,,,,,,,,,,,,,,,,,,60,205,54,,56,57,,,,,,,,,
137,,,,,,,,,,,,,,r12,,,,,,,,,,,,,,,,,,,,,,,,,,,,,,,,,,,,,,,,,,,,,,,,,
138,,,,,,,,,,,r17,,r17,,,,,,,,,,,,,,,,,,,,,,,,,,,,,,,,,,,,,,,,,,,,,,,,,,
139,,,,,,s37,,,,,,,r16,,,,,,,,,,,,,,,,,,,,,87,,,,,38,,206,88,,,,,,,,,,,,,,,,,,,,,
140,,,,,,,s97,s96,s90,,,s93,,,,,,,,,,,,,,,,,,,,,,,,,,,,,,,,,,,,,98,,207,,94,95,,,,,,,,,
141,,,,,,,s26,s25,s19,,,s22,,,,,,,,,,,,,,,,,,,,,,,,,,,,,,,,,,,,,27,208,21,,23,24,,,,,,,,,
142,,,,,,,s97,s96,s90,,,s93,,,,,,,,,,,,,,,,,,,,,,,,,,,,,,,,,,,,,98,209,92,,94,95,,,,,,,,,
143,,,,,,,,,,,,,s210,,,,,,,,s46,s47,s48,s49,s51,s50,,s101,,,,,,,,,,,,,,,,,,,,,,,,100,,,,,,,,,,,
144,,,,,,,s217,s215,s216,,,s211,,,,,,,,,,,,,,,,,,,,,,,,,,,,,,,,,,,,,214,,,,212,213,,,,,,,,,
145,,,,,,,s217,s215,s216,,,s211,,,,,,,,,,,,,,,,,,,,,,,,,,,,,,,,,,,,,214,,,,218,213,,,,,,,,,
146,,,,,,,s224,s221,s222,,,s223,,,,,,,,,,,,,,,,,,,,,,,,,,,,,,,,,,,,,220,,,,,219,,,,,,,,,
147,,,,,,,s224,s221,s222,,,s223,,,,,,,,,,,,,,,,,,,,,,,,,,,,,,,,,,,,,220,,,,,225,,,,,,,,,
148,,,,,,,r44,r44,r44,,,r44,r44,,,,,,,,,,,,,,,,,,,,,,,,,,,,,,,,,,,,,,,,,,226,,,,,,,,
149,,,,,,,,,,,,,r30,,,,,,,,r30,r30,r30,r30,r30,r30,,r30,,,,,,,,,,,,,,,,,,,,,,,,,,,,,,,,,,,
150,,,,,,,,,,,,,,,,,,,,,s46,s47,s48,s49,s51,s50,s227,s142,,,,,,,,,,,,,,,,,,,,,,,,140,,,,,,,,,,,
151,,,,,,,,,,,,,r40,,,r40,r40,r40,r40,,r40,r40,r40,r40,r40,r40,,r40,,,,,,,,,,,,,,,,,,,,,,,,,,,,,,,,,,,
152,,,,,,,s59,s58,s52,,,s55,,,,,,,,,,,,,,,,,,,,,,,,,,,,,,,,,,,,,60,228,54,,56,57,,,,,,,,,
153,,,,,,,,,,,,,r33,,,,,,,,r33,r33,r33,r33,r33,r33,,r33,,,,,,,,,,,,,,,,,,,,,,,,,,,,,,,,,,,
154,,,,,,,,,,,,,r35,,,,,s229,s230,,r35,r35,r35,r35,r35,r35,,r35,,,,,,,,,,,,,,,,,,,,,,,,,,,,,,,,,,,
155,,,,,,,,,,,,,r42,,,,,r42,r42,,r42,r42,r42,r42,r42,r42,,r42,,,,,,,,,,,,,,,,,,,,,,,,,,,,,,,,,,,
156,,,,,,,,,,,,,r38,,,,,r38,r38,,r38,r38,r38,r38,r38,r38,,r38,,,,,,,,,,,,,,,,,,,,,,,,,,,,,,,,,,,
157,,,,,,,,,,,,,r39,,,,,r39,r39,,r39,r39,r39,r39,r39,r39,,r39,,,,,,,,,,,,,,,,,,,,,,,,,,,,,,,,,,,
158,,,,,,,,,,,,s231,r41,,,,,r41,r41,,r41,r41,r41,r41,r41,r41,,r41,,,,,,,,,,,,,,,,,,,,,,,,,,,,,,,,,,,
159,,,,,,,,,,,,,r34,,,,,,,,r34,r34,r34,r34,r34,r34,,r34,,,,,,,,,,,,,,,,,,,,,,,,,,,,,,,,,,,
160,,,,,,,,,,,,,r36,,,r36,r36,,,,r36,r36,r36,r36,r36,r36,,r36,,,,,,,,,,,,,,,,,,,,,,,,,,,,,,,,,,,
161,,,,,,,,,,,,,r42,,,r42,r42,,,,r42,r42,r42,r42,r42,r42,,r42,,,,,,,,,,,,,,,,,,,,,,,,,,,,,,,,,,,
162,,,,,,,,,,,,,r38,,,r38,r38,,,,r38,r38,r38,r38,r38,r38,,r38,,,,,,,,,,,,,,,,,,,,,,,,,,,,,,,,,,,
163,,,,,,,,,,,,,r39,,,r39,r39,,,,r39,r39,r39,r39,r39,r39,,r39,,,,,,,,,,,,,,,,,,,,,,,,,,,,,,,,,,,
164,,,,,,,s59,s58,s52,,,s55,,,,,,,,,,,,,,,,,,,,,,,,,,,,,,,,,,,,,60,232,54,,56,57,,,,,,,,,
165,,,,,,,,,,,,s233,r41,,,r41,r41,,,,r41,r41,r41,r41,r41,r41,,r41,,,,,,,,,,,,,,,,,,,,,,,,,,,,,,,,,,,
166,,,,,,,,,,,,,r37,,,r37,r37,,,,r37,r37,r37,r37,r37,r37,,r37,,,,,,,,,,,,,,,,,,,,,,,,,,,,,,,,,,,
167,,,,,,,s182,s181,s175,,,s178,r47,,,,,,,,,,,,,,,,,,,,,,,,,,,,,,,,,,,,183,176,177,,179,180,,234,,,,,,,
168,,,,,,,,,,,,,s235,,,,,,,,s46,s47,s48,s49,s51,s50,,s101,,,,,,,,,,,,,,,,,,,,,,,,100,,,,,,,,,,,
169,,,,,,,s241,s238,s239,,,s240,,,,,,,,,,,,,,,,,,,,,,,,,,,,,,,,,,,,,237,,,,,236,,,,,,,,,
170,,,,,,,s241,s238,s239,,,s240,,,,,,,,,,,,,,,,,,,,,,,,,,,,,,,,,,,,,237,,,,,242,,,,,,,,,
171,,,,,,,r44,r44,r44,,,r44,r44,,,,,,,,,,,,,,,,,,,,,,,,,,,,,,,,,,,,,,,,,,243,,,,,,,,
172,,,,,,,,,,,,,s244,,,,,,,,s46,s47,s48,s49,s51,s50,,s101,,,,,,,,,,,,,,,,,,,,,,,,100,,,,,,,,,,,
173,,,,,,,r44,r44,r44,,,r44,r44,,,,,,,,,,,,,,,,,,,,,,,,,,,,,,,,,,,,,,,,,,245,,,,,,,,
174,,,,,,,,,,,,,s246,,,,,,,,,,,,,,,,,,,,,,,,,,,,,,,,,,,,,,,,,,,,,,,,,,
175,,,,,,,,,,,r39,,r39,,,r39,r39,r39,r39,,r39,r39,r39,r39,r39,r39,,r39,,,,,,,,,,,,,,,,,,,,,,,,,,,,,,,,,,,
176,,,,,,,,,,,s248,,r46,,,,,,,,s46,s47,s48,s49,s51,s50,,s249,,,,,,,,,,,,,,,,,,,,,,,,247,,,,,,,,,,,
177,,,,,,,,,,,r29,,r29,,,,,,,,r29,r29,r29,r29,r29,r29,,r29,,,,,,,,,,,,,,,,,,,,,,,,,,,,,,,,,,,
178,,,,,,,s59,s58,s52,,,s55,,,,,,,,,,,,,,,,,,,,,,,,,,,,,,,,,,,,,60,250,54,,56,57,,,,,,,,,
179,,,,,,,,,,,r32,,r32,,,s251,s252,,,,r32,r32,r32,r32,r32,r32,,r32,,,,,,,,,,,,,,,,,,,,,,,,,,,,,,,,,,,
180,,,,,,,,,,,r35,,r35,,,r35,r35,s253,s254,,r35,r35,r35,r35,r35,r35,,r35,,,,,,,,,,,,,,,,,,,,,,,,,,,,,,,,,,,
181,,,,,,,,,,,r38,,r38,,,r38,r38,r38,r38,,r38,r38,r38,r38,r38,r38,,r38,,,,,,,,,,,,,,,,,,,,,,,,,,,,,,,,,,,
182,,,,,,,,,,,r41,s255,r41,,,r41,r41,r41,r41,,r41,r41,r41,r41,r41,r41,,r41,,,,,,,,,,,,,,,,,,,,,,,,,,,,,,,,,,,
183,,,,,,,,,,,r42,,r42,,,r42,r42,r42,r42,,r42,r42,r42,r42,r42,r42,,r42,,,,,,,,,,,,,,,,,,,,,,,,,,,,,,,,,,,
184,,,,,,,,,,,,,s256,,,,,,,,,,,,,,,,,,,,,,,,,,,,,,,,,,,,,,,,,,,,,,,,,,
185,,,,,,,,,,r30,,,,,,,,,,,r30,r30,r30,r30,r30,r30,,r30,,,,,,,,,,,,,,,,,,,,,,,,,,,,,,,,,,,
186,,,,,,,,,,,,,,,,,,,,,s46,s47,s48,s49,s51,s50,s257,s142,,,,,,,,,,,,,,,,,,,,,,,,140,,,,,,,,,,,
187,,,,,,,,,,r40,,,,,,r40,r40,r40,r40,,r40,r40,r40,r40,r40,r40,,r40,,,,,,,,,,,,,,,,,,,,,,,,,,,,,,,,,,,
188,,,,,,,s59,s58,s52,,,s55,,,,,,,,,,,,,,,,,,,,,,,,,,,,,,,,,,,,,60,258,54,,56,57,,,,,,,,,
189,,,,,,,,,,r33,,,,,,,,,,,r33,r33,r33,r33,r33,r33,,r33,,,,,,,,,,,,,,,,,,,,,,,,,,,,,,,,,,,
190,,,,,,,,,,r35,,,,,,,,s259,s260,,r35,r35,r35,r35,r35,r35,,r35,,,,,,,,,,,,,,,,,,,,,,,,,,,,,,,,,,,
191,,,,,,,,,,r42,,,,,,,,r42,r42,,r42,r42,r42,r42,r42,r42,,r42,,,,,,,,,,,,,,,,,,,,,,,,,,,,,,,,,,,
192,,,,,,,,,,r38,,,,,,,,r38,r38,,r38,r38,r38,r38,r38,r38,,r38,,,,,,,,,,,,,,,,,,,,,,,,,,,,,,,,,,,
193,,,,,,,,,,r39,,,,,,,,r39,r39,,r39,r39,r39,r39,r39,r39,,r39,,,,,,,,,,,,,,,,,,,,,,,,,,,,,,,,,,,
194,,,,,,,,,,r41,,s261,,,,,,r41,r41,,r41,r41,r41,r41,r41,r41,,r41,,,,,,,,,,,,,,,,,,,,,,,,,,,,,,,,,,,
195,,,,,,,,,,r34,,,,,,,,,,,r34,r34,r34,r34,r34,r34,,r34,,,,,,,,,,,,,,,,,,,,,,,,,,,,,,,,,,,
196,,,,,,,,,,r36,,,,,,r36,r36,,,,r36,r36,r36,r36,r36,r36,,r36,,,,,,,,,,,,,,,,,,,,,,,,,,,,,,,,,,,
197,,,,,,,,,,r42,,,,,,r42,r42,,,,r42,r42,r42,r42,r42,r42,,r42,,,,,,,,,,,,,,,,,,,,,,,,,,,,,,,,,,,
198,,,,,,,,,,r38,,,,,,r38,r38,,,,r38,r38,r38,r38,r38,r38,,r38,,,,,,,,,,,,,,,,,,,,,,,,,,,,,,,,,,,
199,,,,,,,,,,r39,,,,,,r39,r39,,,,r39,r39,r39,r39,r39,r39,,r39,,,,,,,,,,,,,,,,,,,,,,,,,,,,,,,,,,,
200,,,,,,,s59,s58,s52,,,s55,,,,,,,,,,,,,,,,,,,,,,,,,,,,,,,,,,,,,60,262,54,,56,57,,,,,,,,,
201,,,,,,,,,,r41,,s263,,,,r41,r41,,,,r41,r41,r41,r41,r41,r41,,r41,,,,,,,,,,,,,,,,,,,,,,,,,,,,,,,,,,,
202,,,,,,,,,,r37,,,,,,r37,r37,,,,r37,r37,r37,r37,r37,r37,,r37,,,,,,,,,,,,,,,,,,,,,,,,,,,,,,,,,,,
203,,,,,,,s182,s181,s175,,,s178,r47,,,,,,,,,,,,,,,,,,,,,,,,,,,,,,,,,,,,183,176,177,,179,180,,264,,,,,,,
204,,,,,,,,,,,,,s265,,,,,,,,s46,s47,s48,s49,s51,s50,,s101,,,,,,,,,,,,,,,,,,,,,,,,100,,,,,,,,,,,
205,,,,,,,,,,,,,s266,,,,,,,,s46,s47,s48,s49,s51,s50,,s101,,,,,,,,,,,,,,,,,,,,,,,,100,,,,,,,,,,,
206,,,,,,,,,,,,,r14,,,,,,,,,,,,,,,,,,,,,,,,,,,,,,,,,,,,,,,,,,,,,,,,,,
207,,,,,,,,,,,,,,,,,,,,,r30,r30,r30,r30,r30,r30,r30,r30,,,,,,,,,,,,,,,,,,,,,,,,,,,,,,,,,,,
208,,,,,r31,r31,,,,,,,,,,,,,,,r31,r31,r31,r31,r31,r31,,r31,r31,,,,,,,,,,,,,,,,,,,,,,,44,,,,,,,,,,,
209,,,,,,,,,,,,,,,,,,,,,s46,s47,s48,s49,s51,s50,s267,s142,,,,,,,,,,,,,,,,,,,,,,,,140,,,,,,,,,,,
210,,,,,,,,,,,,,,,,r40,r40,r40,r40,,r40,r40,r40,r40,r40,r40,r40,r40,,,,,,,,,,,,,,,,,,,,,,,,,,,,,,,,,,,
211,,,,,,,s59,s58,s52,,,s55,,,,,,,,,,,,,,,,,,,,,,,,,,,,,,,,,,,,,60,268,54,,56,57,,,,,,,,,
212,,,,,,,,,,,,,,,,,,,,,r33,r33,r33,r33,r33,r33,r33,r33,,,,,,,,,,,,,,,,,,,,,,,,,,,,,,,,,,,
213,,,,,,,,,,,,,,,,,,s269,s270,,r35,r35,r35,r35,r35,r35,r35,r35,,,,,,,,,,,,,,,,,,,,,,,,,,,,,,,,,,,
214,,,,,,,,,,,,,,,,,,r42,r42,,r42,r42,r42,r42,r42,r42,r42,r42,,,,,,,,,,,,,,,,,,,,,,,,,,,,,,,,,,,
215,,,,,,,,,,,,,,,,,,r38,r38,,r38,r38,r38,r38,r38,r38,r38,r38,,,,,,,,,,,,,,,,,,,,,,,,,,,,,,,,,,,
216,,,,,,,,,,,,,,,,,,r39,r39,,r39,r39,r39,r39,r39,r39,r39,r39,,,,,,,,,,,,,,,,,,,,,,,,,,,,,,,,,,,
217,,,,,,,,,,,,s271,,,,,,r41,r41,,r41,r41,r41,r41,r41,r41,r41,r41,,,,,,,,,,,,,,,,,,,,,,,,,,,,,,,,,,,
218,,,,,,,,,,,,,,,,,,,,,r34,r34,r34,r34,r34,r34,r34,r34,,,,,,,,,,,,,,,,,,,,,,,,,,,,,,,,,,,
219,,,,,,,,,,,,,,,,r36,r36,,,,r36,r36,r36,r36,r36,r36,r36,r36,,,,,,,,,,,,,,,,,,,,,,,,,,,,,,,,,,,
220,,,,,,,,,,,,,,,,r42,r42,,,,r42,r42,r42,r42,r42,r42,r42,r42,,,,,,,,,,,,,,,,,,,,,,,,,,,,,,,,,,,
221,,,,,,,,,,,,,,,,r38,r38,,,,r38,r38,r38,r38,r38,r38,r38,r38,,,,,,,,,,,,,,,,,,,,,,,,,,,,,,,,,,,
222,,,,,,,,,,,,,,,,r39,r39,,,,r39,r39,r39,r39,r39,r39,r39,r39,,,,,,,,,,,,,,,,,,,,,,,,,,,,,,,,,,,
223,,,,,,,s59,s58,s52,,,s55,,,,,,,,,,,,,,,,,,,,,,,,,,,,,,,,,,,,,60,272,54,,56,57,,,,,,,,,
224,,,,,,,,,,,,s273,,,,r41,r41,,,,r41,r41,r41,r41,r41,r41,r41,r41,,,,,,,,,,,,,,,,,,,,,,,,,,,,,,,,,,,
225,,,,,,,,,,,,,,,,r37,r37,,,,r37,r37,r37,r37,r37,r37,r37,r37,,,,,,,,,,,,,,,,,,,,,,,,,,,,,,,,,,,
226,,,,,,,s182,s181,s175,,,s178,r47,,,,,,,,,,,,,,,,,,,,,,,,,,,,,,,,,,,,183,176,177,,179,180,,274,,,,,,,
227,,,,,,,s59,s58,s52,,,s55,,,,,,,,,,,,,,,,,,,,,,,,,,,,,,,,,,,,,60,275,54,,56,57,,,,,,,,,
228,,,,,,,,,,,,,s276,,,,,,,,s46,s47,s48,s49,s51,s50,,s101,,,,,,,,,,,,,,,,,,,,,,,,100,,,,,,,,,,,
229,,,,,,,s282,s279,s280,,,s281,,,,,,,,,,,,,,,,,,,,,,,,,,,,,,,,,,,,,278,,,,,277,,,,,,,,,
230,,,,,,,s282,s279,s280,,,s281,,,,,,,,,,,,,,,,,,,,,,,,,,,,,,,,,,,,,278,,,,,283,,,,,,,,,
231,,,,,,,r44,r44,r44,,,r44,r44,,,,,,,,,,,,,,,,,,,,,,,,,,,,,,,,,,,,,,,,,,284,,,,,,,,
232,,,,,,,,,,,,,s285,,,,,,,,s46,s47,s48,s49,s51,s50,,s101,,,,,,,,,,,,,,,,,,,,,,,,100,,,,,,,,,,,
233,,,,,,,r44,r44,r44,,,r44,r44,,,,,,,,,,,,,,,,,,,,,,,,,,,,,,,,,,,,,,,,,,286,,,,,,,,
234,,,,,,,,,,,,,s287,,,,,,,,,,,,,,,,,,,,,,,,,,,,,,,,,,,,,,,,,,,,,,,,,,
235,,,,,r40,r40,,,,,,,,,,,,r40,r40,,r40,r40,r40,r40,r40,r40,,r40,r40,,,,,,,,,,,,,,,,,,,,,,,,,,,,,,,,,,
236,,,,,r36,r36,,,,,,,,,,,,,,,r36,r36,r36,r36,r36,r36,,r36,r36,,,,,,,,,,,,,,,,,,,,,,,,,,,,,,,,,,
237,,,,,r42,r42,,,,,,,,,,,,,,,r42,r42,r42,r42,r42,r42,,r42,r42,,,,,,,,,,,,,,,,,,,,,,,,,,,,,,,,,,
238,,,,,r38,r38,,,,,,,,,,,,,,,r38,r38,r38,r38,r38,r38,,r38,r38,,,,,,,,,,,,,,,,,,,,,,,,,,,,,,,,,,
239,,,,,r39,r39,,,,,,,,,,,,,,,r39,r39,r39,r39,r39,r39,,r39,r39,,,,,,,,,,,,,,,,,,,,,,,,,,,,,,,,,,
240,,,,,,,s59,s58,s52,,,s55,,,,,,,,,,,,,,,,,,,,,,,,,,,,,,,,,,,,,60,288,54,,56,57,,,,,,,,,
241,,,,,r41,r41,,,,,,s289,,,,,,,,,r41,r41,r41,r41,r41,r41,,r41,r41,,,,,,,,,,,,,,,,,,,,,,,,,,,,,,,,,,
242,,,,,r37,r37,,,,,,,,,,,,,,,r37,r37,r37,r37,r37,r37,,r37,r37,,,,,,,,,,,,,,,,,,,,,,,,,,,,,,,,,,
243,,,,,,,s182,s181,s175,,,s178,r47,,,,,,,,,,,,,,,,,,,,,,,,,,,,,,,,,,,,183,176,177,,179,180,,290,,,,,,,
244,,,,,r40,r40,,,,,,,,,,r40,r40,,,,r40,r40,r40,r40,r40,r40,,r40,r40,,,,,,,,,,,,,,,,,,,,,,,,,,,,,,,,,,
245,,,,,,,s182,s181,s175,,,s178,r47,,,,,,,,,,,,,,,,,,,,,,,,,,,,,,,,,,,,183,176,177,,179,180,,291,,,,,,,
246,,,,,r43,r43,,,,,,,,,,r43,r43,r43,r43,,r43,r43,r43,r43,r43,r43,,r43,r43,,,,,,,,,,,,,,,,,,,,,,,,,,,,,,,,,,
247,,,,,,,s182,s181,s175,,,s178,,,,,,,,,,,,,,,,,,,,,,,,,,,,,,,,,,,,,183,,292,,179,180,,,,,,,,,
248,,,,,,,s182,s181,s175,,,s178,r47,,,,,,,,,,,,,,,,,,,,,,,,,,,,,,,,,,,,183,176,177,,179,180,,293,,,,,,,
249,,,,,,,s97,s96,s90,,,s93,,,,,,,,,,,,,,,,,,,,,,,,,,,,,,,,,,,,,98,294,92,,94,95,,,,,,,,,
250,,,,,,,,,,,,,s295,,,,,,,,s46,s47,s48,s49,s51,s50,,s101,,,,,,,,,,,,,,,,,,,,,,,,100,,,,,,,,,,,
251,,,,,,,s302,s300,s301,,,s296,,,,,,,,,,,,,,,,,,,,,,,,,,,,,,,,,,,,,299,,,,297,298,,,,,,,,,
252,,,,,,,s302,s300,s301,,,s296,,,,,,,,,,,,,,,,,,,,,,,,,,,,,,,,,,,,,299,,,,303,298,,,,,,,,,
253,,,,,,,s309,s306,s307,,,s308,,,,,,,,,,,,,,,,,,,,,,,,,,,,,,,,,,,,,305,,,,,304,,,,,,,,,
254,,,,,,,s309,s306,s307,,,s308,,,,,,,,,,,,,,,,,,,,,,,,,,,,,,,,,,,,,305,,,,,310,,,,,,,,,
255,,,,,,,r44,r44,r44,,,r44,r44,,,,,,,,,,,,,,,,,,,,,,,,,,,,,,,,,,,,,,,,,,311,,,,,,,,
256,,,,,,,,,,r43,,,,,,,,,,,,,,,,,,,,,,,,,,,,,,,,,,,,,,,,,,,,,,,,,,,,,
257,,,,,,,s82,s81,s75,,,s78,,,,,,,,,,,,,,,,,,,,,,,,,,,,,,,,,,,,,83,312,77,,79,80,,,,,,,,,
258,,,,,,,,,,,,,s313,,,,,,,,s46,s47,s48,s49,s51,s50,,s101,,,,,,,,,,,,,,,,,,,,,,,,100,,,,,,,,,,,
259,,,,,,,s319,s316,s317,,,s318,,,,,,,,,,,,,,,,,,,,,,,,,,,,,,,,,,,,,315,,,,,314,,,,,,,,,
260,,,,,,,s319,s316,s317,,,s318,,,,,,,,,,,,,,,,,,,,,,,,,,,,,,,,,,,,,315,,,,,320,,,,,,,,,
261,,,,,,,r44,r44,r44,,,r44,r44,,,,,,,,,,,,,,,,,,,,,,,,,,,,,,,,,,,,,,,,,,321,,,,,,,,
262,,,,,,,,,,,,,s322,,,,,,,,s46,s47,s48,s49,s51,s50,,s101,,,,,,,,,,,,,,,,,,,,,,,,100,,,,,,,,,,,
263,,,,,,,r44,r44,r44,,,r44,r44,,,,,,,,,,,,,,,,,,,,,,,,,,,,,,,,,,,,,,,,,,323,,,,,,,,
264,,,,,,,,,,,,,s324,,,,,,,,,,,,,,,,,,,,,,,,,,,,,,,,,,,,,,,,,,,,,,,,,,
265,,,,,,,,,,,,,,r58,,,,,,,,,,,,,,,,,,,,,,,,,,,,,,,,,,,,,,,,,,,,325,,,,,
266,,,,,,,,,,,,,,r64,,,,,,,,,,,,,,,,,,,,,,,,,,,,,,,,,,,,,,,,,,,,,,,,326,
267,,,,,,,s97,s96,s90,,,s93,,,,,,,,,,,,,,,,,,,,,,,,,,,,,,,,,,,,,98,327,92,,94,95,,,,,,,,,
268,,,,,,,,,,,,,s328,,,,,,,,s46,s47,s48,s49,s51,s50,,s101,,,,,,,,,,,,,,,,,,,,,,,,100,,,,,,,,,,,
269,,,,,,,s334,s331,s332,,,s333,,,,,,,,,,,,,,,,,,,,,,,,,,,,,,,,,,,,,330,,,,,329,,,,,,,,,
270,,,,,,,s334,s331,s332,,,s333,,,,,,,,,,,,,,,,,,,,,,,,,,,,,,,,,,,,,330,,,,,335,,,,,,,,,
271,,,,,,,r44,r44,r44,,,r44,r44,,,,,,,,,,,,,,,,,,,,,,,,,,,,,,,,,,,,,,,,,,336,,,,,,,,
272,,,,,,,,,,,,,s337,,,,,,,,s46,s47,s48,s49,s51,s50,,s101,,,,,,,,,,,,,,,,,,,,,,,,100,,,,,,,,,,,
273,,,,,,,r44,r44,r44,,,r44,r44,,,,,,,,,,,,,,,,,,,,,,,,,,,,,,,,,,,,,,,,,,338,,,,,,,,
274,,,,,,,,,,,,,s339,,,,,,,,,,,,,,,,,,,,,,,,,,,,,,,,,,,,,,,,,,,,,,,,,,
275,,,,,,,,,,,,,r31,,,,,,,,r31,r31,r31,r31,r31,r31,,r31,,,,,,,,,,,,,,,,,,,,,,,,100,,,,,,,,,,,
276,,,,,,,,,,,,,r40,,,,,r40,r40,,r40,r40,r40,r40,r40,r40,,r40,,,,,,,,,,,,,,,,,,,,,,,,,,,,,,,,,,,
277,,,,,,,,,,,,,r36,,,,,,,,r36,r36,r36,r36,r36,r36,,r36,,,,,,,,,,,,,,,,,,,,,,,,,,,,,,,,,,,
278,,,,,,,,,,,,,r42,,,,,,,,r42,r42,r42,r42,r42,r42,,r42,,,,,,,,,,,,,,,,,,,,,,,,,,,,,,,,,,,
279,,,,,,,,,,,,,r38,,,,,,,,r38,r38,r38,r38,r38,r38,,r38,,,,,,,,,,,,,,,,,,,,,,,,,,,,,,,,,,,
280,,,,,,,,,,,,,r39,,,,,,,,r39,r39,r39,r39,r39,r39,,r39,,,,,,,,,,,,,,,,,,,,,,,,,,,,,,,,,,,
281,,,,,,,s59,s58,s52,,,s55,,,,,,,,,,,,,,,,,,,,,,,,,,,,,,,,,,,,,60,340,54,,56,57,,,,,,,,,
282,,,,,,,,,,,,s341,r41,,,,,,,,r41,r41,r41,r41,r41,r41,,r41,,,,,,,,,,,,,,,,,,,,,,,,,,,,,,,,,,,
283,,,,,,,,,,,,,r37,,,,,,,,r37,r37,r37,r37,r37,r37,,r37,,,,,,,,,,,,,,,,,,,,,,,,,,,,,,,,,,,
284,,,,,,,s182,s181,s175,,,s178,r47,,,,,,,,,,,,,,,,,,,,,,,,,,,,,,,,,,,,183,176,177,,179,180,,342,,,,,,,
285,,,,,,,,,,,,,r40,,,r40,r40,,,,r40,r40,r40,r40,r40,r40,,r40,,,,,,,,,,,,,,,,,,,,,,,,,,,,,,,,,,,
286,,,,,,,s182,s181,s175,,,s178,r47,,,,,,,,,,,,,,,,,,,,,,,,,,,,,,,,,,,,183,176,177,,179,180,,343,,,,,,,
287,,,,,,,,,,,,,r43,,,r43,r43,r43,r43,,r43,r43,r43,r43,r43,r43,,r43,,,,,,,,,,,,,,,,,,,,,,,,,,,,,,,,,,,
288,,,,,,,,,,,,,s344,,,,,,,,s46,s47,s48,s49,s51,s50,,s101,,,,,,,,,,,,,,,,,,,,,,,,100,,,,,,,,,,,
289,,,,,,,r44,r44,r44,,,r44,r44,,,,,,,,,,,,,,,,,,,,,,,,,,,,,,,,,,,,,,,,,,345,,,,,,,,
290,,,,,,,,,,,,,s346,,,,,,,,,,,,,,,,,,,,,,,,,,,,,,,,,,,,,,,,,,,,,,,,,,
291,,,,,,,,,,,,,s347,,,,,,,,,,,,,,,,,,,,,,,,,,,,,,,,,,,,,,,,,,,,,,,,,,
292,,,,,,,,,,,r30,,r30,,,,,,,,r30,r30,r30,r30,r30,r30,,r30,,,,,,,,,,,,,,,,,,,,,,,,,,,,,,,,,,,
293,,,,,,,,,,,,,r45,,,,,,,,,,,,,,,,,,,,,,,,,,,,,,,,,,,,,,,,,,,,,,,,,,
294,,,,,,,,,,,,,,,,,,,,,s46,s47,s48,s49,s51,s50,s348,s142,,,,,,,,,,,,,,,,,,,,,,,,140,,,,,,,,,,,
295,,,,,,,,,,,r40,,r40,,,r40,r40,r40,r40,,r40,r40,r40,r40,r40,r40,,r40,,,,,,,,,,,,,,,,,,,,,,,,,,,,,,,,,,,
296,,,,,,,s59,s58,s52,,,s55,,,,,,,,,,,,,,,,,,,,,,,,,,,,,,,,,,,,,60,349,54,,56,57,,,,,,,,,
297,,,,,,,,,,,r33,,r33,,,,,,,,r33,r33,r33,r33,r33,r33,,r33,,,,,,,,,,,,,,,,,,,,,,,,,,,,,,,,,,,
298,,,,,,,,,,,r35,,r35,,,,,s350,s351,,r35,r35,r35,r35,r35,r35,,r35,,,,,,,,,,,,,,,,,,,,,,,,,,,,,,,,,,,
299,,,,,,,,,,,r42,,r42,,,,,r42,r42,,r42,r42,r42,r42,r42,r42,,r42,,,,,,,,,,,,,,,,,,,,,,,,,,,,,,,,,,,
300,,,,,,,,,,,r38,,r38,,,,,r38,r38,,r38,r38,r38,r38,r38,r38,,r38,,,,,,,,,,,,,,,,,,,,,,,,,,,,,,,,,,,
301,,,,,,,,,,,r39,,r39,,,,,r39,r39,,r39,r39,r39,r39,r39,r39,,r39,,,,,,,,,,,,,,,,,,,,,,,,,,,,,,,,,,,
302,,,,,,,,,,,r41,s352,r41,,,,,r41,r41,,r41,r41,r41,r41,r41,r41,,r41,,,,,,,,,,,,,,,,,,,,,,,,,,,,,,,,,,,
303,,,,,,,,,,,r34,,r34,,,,,,,,r34,r34,r34,r34,r34,r34,,r34,,,,,,,,,,,,,,,,,,,,,,,,,,,,,,,,,,,
304,,,,,,,,,,,r36,,r36,,,r36,r36,,,,r36,r36,r36,r36,r36,r36,,r36,,,,,,,,,,,,,,,,,,,,,,,,,,,,,,,,,,,
305,,,,,,,,,,,r42,,r42,,,r42,r42,,,,r42,r42,r42,r42,r42,r42,,r42,,,,,,,,,,,,,,,,,,,,,,,,,,,,,,,,,,,
306,,,,,,,,,,,r38,,r38,,,r38,r38,,,,r38,r38,r38,r38,r38,r38,,r38,,,,,,,,,,,,,,,,,,,,,,,,,,,,,,,,,,,
307,,,,,,,,,,,r39,,r39,,,r39,r39,,,,r39,r39,r39,r39,r39,r39,,r39,,,,,,,,,,,,,,,,,,,,,,,,,,,,,,,,,,,
308,,,,,,,s59,s58,s52,,,s55,,,,,,,,,,,,,,,,,,,,,,,,,,,,,,,,,,,,,60,353,54,,56,57,,,,,,,,,
309,,,,,,,,,,,r41,s354,r41,,,r41,r41,,,,r41,r41,r41,r41,r41,r41,,r41,,,,,,,,,,,,,,,,,,,,,,,,,,,,,,,,,,,
310,,,,,,,,,,,r37,,r37,,,r37,r37,,,,r37,r37,r37,r37,r37,r37,,r37,,,,,,,,,,,,,,,,,,,,,,,,,,,,,,,,,,,
311,,,,,,,s182,s181,s175,,,s178,r47,,,,,,,,,,,,,,,,,,,,,,,,,,,,,,,,,,,,183,176,177,,179,180,,355,,,,,,,
312,,,,,,,,,,r31,,,,,,,,,,,r31,r31,r31,r31,r31,r31,,r31,,,,,,,,,,,,,,,,,,,,,,,,127,,,,,,,,,,,
313,,,,,,,,,,r40,,,,,,,,r40,r40,,r40,r40,r40,r40,r40,r40,,r40,,,,,,,,,,,,,,,,,,,,,,,,,,,,,,,,,,,
314,,,,,,,,,,r36,,,,,,,,,,,r36,r36,r36,r36,r36,r36,,r36,,,,,,,,,,,,,,,,,,,,,,,,,,,,,,,,,,,
315,,,,,,,,,,r42,,,,,,,,,,,r42,r42,r42,r42,r42,r42,,r42,,,,,,,,,,,,,,,,,,,,,,,,,,,,,,,,,,,
316,,,,,,,,,,r38,,,,,,,,,,,r38,r38,r38,r38,r38,r38,,r38,,,,,,,,,,,,,,,,,,,,,,,,,,,,,,,,,,,
317,,,,,,,,,,r39,,,,,,,,,,,r39,r39,r39,r39,r39,r39,,r39,,,,,,,,,,,,,,,,,,,,,,,,,,,,,,,,,,,
318,,,,,,,s59,s58,s52,,,s55,,,,,,,,,,,,,,,,,,,,,,,,,,,,,,,,,,,,,60,356,54,,56,57,,,,,,,,,
319,,,,,,,,,,r41,,s357,,,,,,,,,r41,r41,r41,r41,r41,r41,,r41,,,,,,,,,,,,,,,,,,,,,,,,,,,,,,,,,,,
320,,,,,,,,,,r37,,,,,,,,,,,r37,r37,r37,r37,r37,r37,,r37,,,,,,,,,,,,,,,,,,,,,,,,,,,,,,,,,,,
321,,,,,,,s182,s181,s175,,,s178,r47,,,,,,,,,,,,,,,,,,,,,,,,,,,,,,,,,,,,183,176,177,,179,180,,358,,,,,,,
322,,,,,,,,,,r40,,,,,,r40,r40,,,,r40,r40,r40,r40,r40,r40,,r40,,,,,,,,,,,,,,,,,,,,,,,,,,,,,,,,,,,
323,,,,,,,s182,s181,s175,,,s178,r47,,,,,,,,,,,,,,,,,,,,,,,,,,,,,,,,,,,,183,176,177,,179,180,,359,,,,,,,
324,,,,,,,,,,r43,,,,,,r43,r43,r43,r43,,r43,r43,r43,r43,r43,r43,,r43,,,,,,,,,,,,,,,,,,,,,,,,,,,,,,,,,,,
325,,,,,,,,,,,,,,s361,,,,,,,,,,,,,,,,,,,,,,,360,,,,,,,,,,,,,,,,,,,,,,,,,,
326,,,,,,,,,,,,,,s363,,,,,,,,,,,,,,,,,,,,,,,362,,,,,,,,,,,,,,,,,,,,,,,,,,
327,,,,,,,,,,,,,,,,,,,,,r31,r31,r31,r31,r31,r31,r31,r31,,,,,,,,,,,,,,,,,,,,,,,,140,,,,,,,,,,,
328,,,,,,,,,,,,,,,,,,r40,r40,,r40,r40,r40,r40,r40,r40,r40,r40,,,,,,,,,,,,,,,,,,,,,,,,,,,,,,,,,,,
329,,,,,,,,,,,,,,,,,,,,,r36,r36,r36,r36,r36,r36,r36,r36,,,,,,,,,,,,,,,,,,,,,,,,,,,,,,,,,,,
330,,,,,,,,,,,,,,,,,,,,,r42,r42,r42,r42,r42,r42,r42,r42,,,,,,,,,,,,,,,,,,,,,,,,,,,,,,,,,,,
331,,,,,,,,,,,,,,,,,,,,,r38,r38,r38,r38,r38,r38,r38,r38,,,,,,,,,,,,,,,,,,,,,,,,,,,,,,,,,,,
332,,,,,,,,,,,,,,,,,,,,,r39,r39,r39,r39,r39,r39,r39,r39,,,,,,,,,,,,,,,,,,,,,,,,,,,,,,,,,,,
333,,,,,,,s59,s58,s52,,,s55,,,,,,,,,,,,,,,,,,,,,,,,,,,,,,,,,,,,,60,364,54,,56,57,,,,,,,,,
334,,,,,,,,,,,,s365,,,,,,,,,r41,r41,r41,r41,r41,r41,r41,r41,,,,,,,,,,,,,,,,,,,,,,,,,,,,,,,,,,,
335,,,,,,,,,,,,,,,,,,,,,r37,r37,r37,r37,r37,r37,r37,r37,,,,,,,,,,,,,,,,,,,,,,,,,,,,,,,,,,,
336,,,,,,,s182,s181,s175,,,s178,r47,,,,,,,,,,,,,,,,,,,,,,,,,,,,,,,,,,,,183,176,177,,179,180,,366,,,,,,,
337,,,,,,,,,,,,,,,,r40,r40,,,,r40,r40,r40,r40,r40,r40,r40,r40,,,,,,,,,,,,,,,,,,,,,,,,,,,,,,,,,,,
338,,,,,,,s182,s181,s175,,,s178,r47,,,,,,,,,,,,,,,,,,,,,,,,,,,,,,,,,,,,183,176,177,,179,180,,367,,,,,,,
339,,,,,,,,,,,,,,,,r43,r43,r43,r43,,r43,r43,r43,r43,r43,r43,r43,r43,,,,,,,,,,,,,,,,,,,,,,,,,,,,,,,,,,,
340,,,,,,,,,,,,,s368,,,,,,,,s46,s47,s48,s49,s51,s50,,s101,,,,,,,,,,,,,,,,,,,,,,,,100,,,,,,,,,,,
341,,,,,,,r44,r44,r44,,,r44,r44,,,,,,,,,,,,,,,,,,,,,,,,,,,,,,,,,,,,,,,,,,369,,,,,,,,
342,,,,,,,,,,,,,s370,,,,,,,,,,,,,,,,,,,,,,,,,,,,,,,,,,,,,,,,,,,,,,,,,,
343,,,,,,,,,,,,,s371,,,,,,,,,,,,,,,,,,,,,,,,,,,,,,,,,,,,,,,,,,,,,,,,,,
344,,,,,r40,r40,,,,,,,,,,,,,,,r40,r40,r40,r40,r40,r40,,r40,r40,,,,,,,,,,,,,,,,,,,,,,,,,,,,,,,,,,
345,,,,,,,s182,s181,s175,,,s178,r47,,,,,,,,,,,,,,,,,,,,,,,,,,,,,,,,,,,,183,176,177,,179,180,,372,,,,,,,
346,,,,,r43,r43,,,,,,,,,,,,r43,r43,,r43,r43,r43,r43,r43,r43,,r43,r43,,,,,,,,,,,,,,,,,,,,,,,,,,,,,,,,,,
347,,,,,r43,r43,,,,,,,,,,r43,r43,,,,r43,r43,r43,r43,r43,r43,,r43,r43,,,,,,,,,,,,,,,,,,,,,,,,,,,,,,,,,,
348,,,,,,,s182,s181,s175,,,s178,,,,,,,,,,,,,,,,,,,,,,,,,,,,,,,,,,,,,183,373,177,,179,180,,,,,,,,,
349,,,,,,,,,,,,,s374,,,,,,,,s46,s47,s48,s49,s51,s50,,s101,,,,,,,,,,,,,,,,,,,,,,,,100,,,,,,,,,,,
350,,,,,,,s380,s377,s378,,,s379,,,,,,,,,,,,,,,,,,,,,,,,,,,,,,,,,,,,,376,,,,,375,,,,,,,,,
351,,,,,,,s380,s377,s378,,,s379,,,,,,,,,,,,,,,,,,,,,,,,,,,,,,,,,,,,,376,,,,,381,,,,,,,,,
352,,,,,,,r44,r44,r44,,,r44,r44,,,,,,,,,,,,,,,,,,,,,,,,,,,,,,,,,,,,,,,,,,382,,,,,,,,
353,,,,,,,,,,,,,s383,,,,,,,,s46,s47,s48,s49,s51,s50,,s101,,,,,,,,,,,,,,,,,,,,,,,,100,,,,,,,,,,,
354,,,,,,,r44,r44,r44,,,r44,r44,,,,,,,,,,,,,,,,,,,,,,,,,,,,,,,,,,,,,,,,,,384,,,,,,,,
355,,,,,,,,,,,,,s385,,,,,,,,,,,,,,,,,,,,,,,,,,,,,,,,,,,,,,,,,,,,,,,,,,
356,,,,,,,,,,,,,s386,,,,,,,,s46,s47,s48,s49,s51,s50,,s101,,,,,,,,,,,,,,,,,,,,,,,,100,,,,,,,,,,,
357,,,,,,,r44,r44,r44,,,r44,r44,,,,,,,,,,,,,,,,,,,,,,,,,,,,,,,,,,,,,,,,,,387,,,,,,,,
358,,,,,,,,,,,,,s388,,,,,,,,,,,,,,,,,,,,,,,,,,,,,,,,,,,,,,,,,,,,,,,,,,
359,,,,,,,,,,,,,s389,,,,,,,,,,,,,,,,,,,,,,,,,,,,,,,,,,,,,,,,,,,,,,,,,,
360,r59,r59,r61,r59,,r59,r59,,,,,,,,r59,,,,,,,,,,,,,,,,,,,,,,,,,,,,,,,,,,,,,,,,,,,,390,391,,,
361,s40,s41,,s42,,s37,s39,,,,,,,,r20,,,,,,,,,,,,,,,,,,,31,,,,33,38,,,,392,29,30,32,34,35,36,,,,,,,,,,,,,,
362,r62,r62,,r62,,r62,r62,,,,,,,,r62,,,,,,,,,,,,,,,,,,,,,,,,,,,,,,,,,,,,,,,,,,,,,,,,
363,s40,s41,,s42,,s37,s39,,,,,,,,r20,,,,,,,,,,,,,,,,,,,31,,,,33,38,,,,393,29,30,32,34,35,36,,,,,,,,,,,,,,
364,,,,,,,,,,,,,s394,,,,,,,,s46,s47,s48,s49,s51,s50,,s101,,,,,,,,,,,,,,,,,,,,,,,,100,,,,,,,,,,,
365,,,,,,,r44,r44,r44,,,r44,r44,,,,,,,,,,,,,,,,,,,,,,,,,,,,,,,,,,,,,,,,,,395,,,,,,,,
366,,,,,,,,,,,,,s396,,,,,,,,,,,,,,,,,,,,,,,,,,,,,,,,,,,,,,,,,,,,,,,,,,
367,,,,,,,,,,,,,s397,,,,,,,,,,,,,,,,,,,,,,,,,,,,,,,,,,,,,,,,,,,,,,,,,,
368,,,,,,,,,,,,,r40,,,,,,,,r40,r40,r40,r40,r40,r40,,r40,,,,,,,,,,,,,,,,,,,,,,,,,,,,,,,,,,,
369,,,,,,,s182,s181,s175,,,s178,r47,,,,,,,,,,,,,,,,,,,,,,,,,,,,,,,,,,,,183,176,177,,179,180,,398,,,,,,,
370,,,,,,,,,,,,,r43,,,,,r43,r43,,r43,r43,r43,r43,r43,r43,,r43,,,,,,,,,,,,,,,,,,,,,,,,,,,,,,,,,,,
371,,,,,,,,,,,,,r43,,,r43,r43,,,,r43,r43,r43,r43,r43,r43,,r43,,,,,,,,,,,,,,,,,,,,,,,,,,,,,,,,,,,
372,,,,,,,,,,,,,s399,,,,,,,,,,,,,,,,,,,,,,,,,,,,,,,,,,,,,,,,,,,,,,,,,,
373,,,,,,,,,,,r31,,r31,,,,,,,,r31,r31,r31,r31,r31,r31,,r31,,,,,,,,,,,,,,,,,,,,,,,,247,,,,,,,,,,,
374,,,,,,,,,,,r40,,r40,,,,,r40,r40,,r40,r40,r40,r40,r40,r40,,r40,,,,,,,,,,,,,,,,,,,,,,,,,,,,,,,,,,,
375,,,,,,,,,,,r36,,r36,,,,,,,,r36,r36,r36,r36,r36,r36,,r36,,,,,,,,,,,,,,,,,,,,,,,,,,,,,,,,,,,
376,,,,,,,,,,,r42,,r42,,,,,,,,r42,r42,r42,r42,r42,r42,,r42,,,,,,,,,,,,,,,,,,,,,,,,,,,,,,,,,,,
377,,,,,,,,,,,r38,,r38,,,,,,,,r38,r38,r38,r38,r38,r38,,r38,,,,,,,,,,,,,,,,,,,,,,,,,,,,,,,,,,,
378,,,,,,,,,,,r39,,r39,,,,,,,,r39,r39,r39,r39,r39,r39,,r39,,,,,,,,,,,,,,,,,,,,,,,,,,,,,,,,,,,
379,,,,,,,s59,s58,s52,,,s55,,,,,,,,,,,,,,,,,,,,,,,,,,,,,,,,,,,,,60,400,54,,56,57,,,,,,,,,
380,,,,,,,,,,,r41,s401,r41,,,,,,,,r41,r41,r41,r41,r41,r41,,r41,,,,,,,,,,,,,,,,,,,,,,,,,,,,,,,,,,,
381,,,,,,,,,,,r37,,r37,,,,,,,,r37,r37,r37,r37,r37,r37,,r37,,,,,,,,,,,,,,,,,,,,,,,,,,,,,,,,,,,
382,,,,,,,s182,s181,s175,,,s178,r47,,,,,,,,,,,,,,,,,,,,,,,,,,,,,,,,,,,,183,176,177,,179,180,,402,,,,,,,
383,,,,,,,,,,,r40,,r40,,,r40,r40,,,,r40,r40,r40,r40,r40,r40,,r40,,,,,,,,,,,,,,,,,,,,,,,,,,,,,,,,,,,
384,,,,,,,s182,s181,s175,,,s178,r47,,,,,,,,,,,,,,,,,,,,,,,,,,,,,,,,,,,,183,176,177,,179,180,,403,,,,,,,
385,,,,,,,,,,,r43,,r43,,,r43,r43,r43,r43,,r43,r43,r43,r43,r43,r43,,r43,,,,,,,,,,,,,,,,,,,,,,,,,,,,,,,,,,,
386,,,,,,,,,,r40,,,,,,,,,,,r40,r40,r40,r40,r40,r40,,r40,,,,,,,,,,,,,,,,,,,,,,,,,,,,,,,,,,,
387,,,,,,,s182,s181,s175,,,s178,r47,,,,,,,,,,,,,,,,,,,,,,,,,,,,,,,,,,,,183,176,177,,179,180,,404,,,,,,,
388,,,,,,,,,,r43,,,,,,,,r43,r43,,r43,r43,r43,r43,r43,r43,,r43,,,,,,,,,,,,,,,,,,,,,,,,,,,,,,,,,,,
389,,,,,,,,,,r43,,,,,,r43,r43,,,,r43,r43,r43,r43,r43,r43,,r43,,,,,,,,,,,,,,,,,,,,,,,,,,,,,,,,,,,
390,r56,r56,,r56,,r56,r56,,,,,,,,r56,,,,,,,,,,,,,,,,,,,,,,,,,,,,,,,,,,,,,,,,,,,,,,,,
391,,,s405,,,,,,,,,,,,,,,,,,,,,,,,,,,,,,,,,,,,,,,,,,,,,,,,,,,,,,,,,,,,
392,,,,,,,,,,,,,,,s406,,,,,,,,,,,,,,,,,,,,,,,,,,,,,,,,,,,,,,,,,,,,,,,,
393,,,,,,,,,,,,,,,s407,,,,,,,,,,,,,,,,,,,,,,,,,,,,,,,,,,,,,,,,,,,,,,,,
394,,,,,,,,,,,,,,,,,,,,,r40,r40,r40,r40,r40,r40,r40,r40,,,,,,,,,,,,,,,,,,,,,,,,,,,,,,,,,,,
395,,,,,,,s182,s181,s175,,,s178,r47,,,,,,,,,,,,,,,,,,,,,,,,,,,,,,,,,,,,183,176,177,,179,180,,408,,,,,,,
396,,,,,,,,,,,,,,,,,,r43,r43,,r43,r43,r43,r43,r43,r43,r43,r43,,,,,,,,,,,,,,,,,,,,,,,,,,,,,,,,,,,
397,,,,,,,,,,,,,,,,r43,r43,,,,r43,r43,r43,r43,r43,r43,r43,r43,,,,,,,,,,,,,,,,,,,,,,,,,,,,,,,,,,,
398,,,,,,,,,,,,,s409,,,,,,,,,,,,,,,,,,,,,,,,,,,,,,,,,,,,,,,,,,,,,,,,,,
399,,,,,r43,r43,,,,,,,,,,,,,,,r43,r43,r43,r43,r43,r43,,r43,r43,,,,,,,,,,,,,,,,,,,,,,,,,,,,,,,,,,
400,,,,,,,,,,,,,s410,,,,,,,,s46,s47,s48,s49,s51,s50,,s101,,,,,,,,,,,,,,,,,,,,,,,,100,,,,,,,,,,,
401,,,,,,,r44,r44,r44,,,r44,r44,,,,,,,,,,,,,,,,,,,,,,,,,,,,,,,,,,,,,,,,,,411,,,,,,,,
402,,,,,,,,,,,,,s412,,,,,,,,,,,,,,,,,,,,,,,,,,,,,,,,,,,,,,,,,,,,,,,,,,
403,,,,,,,,,,,,,s413,,,,,,,,,,,,,,,,,,,,,,,,,,,,,,,,,,,,,,,,,,,,,,,,,,
404,,,,,,,,,,,,,s414,,,,,,,,,,,,,,,,,,,,,,,,,,,,,,,,,,,,,,,,,,,,,,,,,,
405,,,,,,,,,,,,,,s363,,,,,,,,,,,,,,,,,,,,,,,415,,,,,,,,,,,,,,,,,,,,,,,,,,
406,r21,r21,r21,r21,,r21,r21,,,,,,,,r21,,,,,,,,,,,,,,,,,,,,,,,,,,,,,,,,,,,,,,,,,,,,,,,,
407,r21,r21,,r21,,r21,r21,,,,,,,,r21,,,,,,,,,,,,,,,,,,,,,,,,,,,,,,,,,,,,,,,,,,,,,,,,
408,,,,,,,,,,,,,s416,,,,,,,,,,,,,,,,,,,,,,,,,,,,,,,,,,,,,,,,,,,,,,,,,,
409,,,,,,,,,,,,,r43,,,,,,,,r43,r43,r43,r43,r43,r43,,r43,,,,,,,,,,,,,,,,,,,,,,,,,,,,,,,,,,,
410,,,,,,,,,,,r40,,r40,,,,,,,,r40,r40,r40,r40,r40,r40,,r40,,,,,,,,,,,,,,,,,,,,,,,,,,,,,,,,,,,
411,,,,,,,s182,s181,s175,,,s178,r47,,,,,,,,,,,,,,,,,,,,,,,,,,,,,,,,,,,,183,176,177,,179,180,,417,,,,,,,
412,,,,,,,,,,,r43,,r43,,,,,r43,r43,,r43,r43,r43,r43,r43,r43,,r43,,,,,,,,,,,,,,,,,,,,,,,,,,,,,,,,,,,
413,,,,,,,,,,,r43,,r43,,,r43,r43,,,,r43,r43,r43,r43,r43,r43,,r43,,,,,,,,,,,,,,,,,,,,,,,,,,,,,,,,,,,
414,,,,,,,,,,r43,,,,,,,,,,,r43,r43,r43,r43,r43,r43,,r43,,,,,,,,,,,,,,,,,,,,,,,,,,,,,,,,,,,
415,r60,r60,,r60,,r60,r60,,,,,,,,r60,,,,,,,,,,,,,,,,,,,,,,,,,,,,,,,,,,,,,,,,,,,,,,,,
416,,,,,,,,,,,,,,,,,,,,,r43,r43,r43,r43,r43,r43,r43,r43,,,,,,,,,,,,,,,,,,,,,,,,,,,,,,,,,,,
417,,,,,,,,,,,,,s418,,,,,,,,,,,,,,,,,,,,,,,,,,,,,,,,,,,,,,,,,,,,,,,,,,
418,,,,,,,,,,,r43,,r43,,,,,,,,r43,r43,r43,r43,r43,r43,,r43,,,,,,,,,,,,,,,,,,,,,,,,,,,,,,,,,,,
